{
	"$schema": "https://schemas.wp.org/wp/6.8/theme.json",
	"customTemplates": [
		{
			"name": "template-page-w-hero",
			"title": "Page with Hero"
		},
		{
			"name": "template-page-w-title",
			"title": "Page with Title"
		}
	],
	"settings": {
		"appearanceTools": true,
		"blocks": {
			"core/heading": {
				"color": {
					"background": false
				}
			}
		},
		"color": {
			"defaultDuotone": false,
			"defaultGradients": false,
			"defaultPalette": false,
			"duotone": [
				{
					"colors": [
						"#000000",
						"#FFFFFF"
					],
					"name": "Duotone 1",
					"slug": "duotone-1"
				},
				{
					"colors": [
						"#000000",
						"#BBBBBB"
					],
					"name": "Duotone 2",
					"slug": "duotone-2"
				}
			],
			"palette": [
				{
					"color": "#ffffff",
					"name": "Color 1",
					"slug": "theme-1"
				},
				{
					"color": "#f1eef3",
					"name": "Color 2",
					"slug": "theme-2"
				},
				{
					"color": "#7b1e3a",
					"name": "Color 3",
					"slug": "theme-3"
				},
				{
					"color": "#120e10",
					"name": "Color 4",
					"slug": "theme-4"
				},
				{
					"color": "#000000",
					"name": "Color 5",
					"slug": "theme-5"
				}
			]
		},
		"custom": {
			"spacing-increment": "2.5",
			"spacing-unit": "10"
		},
		"layout": {
			"contentSize": "620px",
			"wideSize": "1440px"
		},
		"spacing": {
			"defaultSpacingSizes": false,
			"spacingScale": {
				"theme": {
					"steps": 1
				}
			},
			"spacingSizes": [
				{
					"name": "2X-Small",
					"size": "min(calc(var(--wp--custom--spacing-unit) * (var(--wp--custom--spacing-increment) * 1) * 1px), calc(var(--wp--custom--spacing-increment) * 1 * 2vw))",
					"slug": "20"
				},
				{
					"name": "X-Small",
					"size": "min(calc(var(--wp--custom--spacing-unit) * (var(--wp--custom--spacing-increment) * 2) * 1px), calc(var(--wp--custom--spacing-increment) * 2 * 1vw))",
					"slug": "30"
				},
				{
					"name": "Small",
					"size": "min(calc(var(--wp--custom--spacing-unit) * (var(--wp--custom--spacing-increment) * 3) * 1px), calc(var(--wp--custom--spacing-increment) * 3 * 1vw))",
					"slug": "40"
				},
				{
					"name": "Medium",
					"size": "min(calc(var(--wp--custom--spacing-unit) * (var(--wp--custom--spacing-increment) * 4) * 1px), calc(var(--wp--custom--spacing-increment) * 4 * 1vw))",
					"slug": "50"
				},
				{
					"name": "Large",
					"size": "min(calc(var(--wp--custom--spacing-unit) * (var(--wp--custom--spacing-increment) * 5) * 1px), calc(var(--wp--custom--spacing-increment) * 5 * 1vw))",
					"slug": "60"
				},
				{
					"name": "Extra Large",
					"size": "min(calc(var(--wp--custom--spacing-unit) * (var(--wp--custom--spacing-increment) * 6) * 1px), calc(var(--wp--custom--spacing-increment) * 6 * 1vw))",
					"slug": "70"
				},
				{
					"name": "2X Large",
					"size": "min(calc(var(--wp--custom--spacing-unit) * (var(--wp--custom--spacing-increment) * 7) * 1px), calc(var(--wp--custom--spacing-increment) * 7 * 1vw))",
					"slug": "80"
				}
			],
			"units": [
				"%",
				"px",
				"em",
				"rem",
				"vh",
				"vw"
			]
		},
		"typography": {
			"defaultFontSizes": false,
			"fluid": true,
			"fontFamilies": [
				{
					"fontFace": [
						{
							"fontFamily": "Manrope",
							"fontStyle": "normal",
							"fontWeight": "200",
							"src": "https://fonts.wp.com/s/manrope/v15/xn7_YHE41ni1AdIRqAuZuw1Bx9mbZk59FO_A87jxeN7B.woff2"
						},
						{
							"fontFamily": "Manrope",
							"fontStyle": "normal",
							"fontWeight": "300",
							"src": "https://fonts.wp.com/s/manrope/v15/xn7_YHE41ni1AdIRqAuZuw1Bx9mbZk6jFO_A87jxeN7B.woff2"
						},
						{
							"fontFamily": "Manrope",
							"fontStyle": "normal",
							"fontWeight": "400",
							"src": "https://fonts.wp.com/s/manrope/v15/xn7_YHE41ni1AdIRqAuZuw1Bx9mbZk79FO_A87jxeN7B.woff2"
						},
						{
							"fontFamily": "Manrope",
							"fontStyle": "normal",
							"fontWeight": "500",
							"src": "https://fonts.wp.com/s/manrope/v15/xn7_YHE41ni1AdIRqAuZuw1Bx9mbZk7PFO_A87jxeN7B.woff2"
						},
						{
							"fontFamily": "Manrope",
							"fontStyle": "normal",
							"fontWeight": "600",
							"src": "https://fonts.wp.com/s/manrope/v15/xn7_YHE41ni1AdIRqAuZuw1Bx9mbZk4jE-_A87jxeN7B.woff2"
						},
						{
							"fontFamily": "Manrope",
							"fontStyle": "normal",
							"fontWeight": "700",
							"src": "https://fonts.wp.com/s/manrope/v15/xn7_YHE41ni1AdIRqAuZuw1Bx9mbZk4aE-_A87jxeN7B.woff2"
						},
						{
							"fontFamily": "Manrope",
							"fontStyle": "normal",
							"fontWeight": "800",
							"src": "https://fonts.wp.com/s/manrope/v15/xn7_YHE41ni1AdIRqAuZuw1Bx9mbZk59E-_A87jxeN7B.woff2"
						}
					],
					"fontFamily": "\"Manrope\", sans-serif",
					"name": "Manrope",
					"slug": "manrope"
				},
				{
					"fontFace": [
						{
							"fontFamily": "Poppins",
							"fontStyle": "normal",
							"fontWeight": "300",
							"src": "https://fonts.wp.com/s/poppins/v23/pxiByp8kv8JHgFVrLDz8V15vFP-KUEg.woff2"
						},
						{
							"fontFamily": "Poppins",
							"fontStyle": "italic",
							"fontWeight": "300",
							"src": "https://fonts.wp.com/s/poppins/v23/pxiDyp8kv8JHgFVrJJLm21llFd2PQEhcqw.woff2"
						},
						{
							"fontFamily": "Poppins",
							"fontStyle": "normal",
							"fontWeight": "400",
							"src": "https://fonts.wp.com/s/poppins/v23/pxiEyp8kv8JHgFVrFJXUc1NECPY.woff2"
						},
						{
							"fontFamily": "Poppins",
							"fontStyle": "italic",
							"fontWeight": "400",
							"src": "https://fonts.wp.com/s/poppins/v23/pxiGyp8kv8JHgFVrJJLecnFBGPaTSQ.woff2"
						},
						{
							"fontFamily": "Poppins",
							"fontStyle": "normal",
							"fontWeight": "500",
							"src": "https://fonts.wp.com/s/poppins/v23/pxiByp8kv8JHgFVrLGT9V15vFP-KUEg.woff2"
						},
						{
							"fontFamily": "Poppins",
							"fontStyle": "italic",
							"fontWeight": "500",
							"src": "https://fonts.wp.com/s/poppins/v23/pxiDyp8kv8JHgFVrJJLmg1hlFd2PQEhcqw.woff2"
						},
						{
							"fontFamily": "Poppins",
							"fontStyle": "normal",
							"fontWeight": "600",
							"src": "https://fonts.wp.com/s/poppins/v23/pxiByp8kv8JHgFVrLEj6V15vFP-KUEg.woff2"
						},
						{
							"fontFamily": "Poppins",
							"fontStyle": "italic",
							"fontWeight": "600",
							"src": "https://fonts.wp.com/s/poppins/v23/pxiDyp8kv8JHgFVrJJLmr19lFd2PQEhcqw.woff2"
						}
					],
					"fontFamily": "\"Poppins\", sans-serif",
					"name": "Poppins",
					"slug": "poppins"
				}
			],
			"fontSizes": [
				{
					"fluid": {
						"max": "16px",
						"min": "15px"
					},
					"name": "Small",
					"size": "16px",
					"slug": "small"
				},
				{
					"fluid": {
						"max": "20px",
						"min": "18px"
					},
					"name": "Medium",
					"size": "20px",
					"slug": "medium"
				},
				{
					"fluid": {
						"max": "32px",
						"min": "22px"
					},
					"name": "Large",
					"size": "32px",
					"slug": "large"
				},
				{
					"fluid": {
						"max": "64px",
						"min": "32px"
					},
					"name": "Extra Large",
					"size": "64px",
					"slug": "x-large"
				},
				{
					"fluid": {
						"max": "84px",
						"min": "34px"
					},
					"name": "2X Large",
					"size": "84px",
					"slug": "xx-large"
				},
				{
					"fluid": {
						"max": "120px",
						"min": "36px"
					},
					"name": "3X Large",
					"size": "120px",
					"slug": "xxx-large"
				}
			],
			"writingMode": true
		},
		"useRootPaddingAwareAlignments": true
	},
	"styles": {
		"blocks": {
			"core/button": {
				"variations": {
					"outline": {
						"border": {
							"width": "1px"
						},
						"spacing": {
							"padding": {
								"bottom": "15px",
								"left": "23px",
								"right": "23px",
								"top": "15px"
							}
						}
					}
				}
			},
			"core/buttons": {
				"spacing": {
					"blockGap": "8px",
					"margin": {
						"top": "calc( var(--wp--style--block-gap) * 1.5)"
					}
				}
			},
			"core/column": {
				"variations": {
					"section-1": {
						"color": {
							"background": "var(--wp--preset--color--theme-2)",
							"text": "var(--wp--preset--color--theme-5)"
						},
						"elements": {
							"button": {
								":hover": {
									"color": {
										"background": "color-mix(in srgb, var(--wp--preset--color--theme-3) 85%, #000)",
										"text": "var(--wp--preset--color--theme-1)"
									}
								},
								"color": {
									"background": "var(--wp--preset--color--theme-3)",
									"text": "var(--wp--preset--color--theme-1)"
								}
							}
						}
					},
					"section-2": {
						"color": {
							"background": "var(--wp--preset--color--theme-3)",
							"text": "var(--wp--preset--color--theme-1)"
						},
						"elements": {
							"button": {
								":hover": {
									"color": {
										"background": "color-mix(in srgb, var(--wp--preset--color--theme-1) 85%, #000)",
										"text": "var(--wp--preset--color--theme-5)"
									}
								},
								"color": {
									"background": "var(--wp--preset--color--theme-1)",
									"text": "var(--wp--preset--color--theme-5)"
								}
							}
						}
					},
					"section-3": {
						"blocks": {
							"core/separator": {
								"color": {
									"text": "color-mix(in srgb, currentColor 25%, transparent)"
								}
							}
						},
						"color": {
							"background": "var(--wp--preset--color--theme-4)",
							"text": "var(--wp--preset--color--theme-2)"
						},
						"elements": {
							"button": {
								":hover": {
									"color": {
										"background": "color-mix(in srgb, var(--wp--preset--color--theme-1) 85%, #000)",
										"text": "var(--wp--preset--color--theme-5)"
									}
								},
								"color": {
									"background": "var(--wp--preset--color--theme-1)",
									"text": "var(--wp--preset--color--theme-5)"
								}
							}
						}
					}
				}
			},
			"core/columns": {
				"spacing": {
					"blockGap": {
						"left": "var(--wp--preset--spacing--40)",
						"top": "var(--wp--preset--spacing--30)"
					}
				},
				"variations": {
					"section-1": {
						"color": {
							"background": "var(--wp--preset--color--theme-2)",
							"text": "var(--wp--preset--color--theme-5)"
						},
						"elements": {
							"button": {
								":hover": {
									"color": {
										"background": "color-mix(in srgb, var(--wp--preset--color--theme-3) 85%, #000)",
										"text": "var(--wp--preset--color--theme-1)"
									}
								},
								"color": {
									"background": "var(--wp--preset--color--theme-3)",
									"text": "var(--wp--preset--color--theme-1)"
								}
							}
						}
					},
					"section-2": {
						"color": {
							"background": "var(--wp--preset--color--theme-3)",
							"text": "var(--wp--preset--color--theme-1)"
						},
						"elements": {
							"button": {
								":hover": {
									"color": {
										"background": "color-mix(in srgb, var(--wp--preset--color--theme-1) 85%, #000)",
										"text": "var(--wp--preset--color--theme-5)"
									}
								},
								"color": {
									"background": "var(--wp--preset--color--theme-1)",
									"text": "var(--wp--preset--color--theme-5)"
								}
							}
						}
					},
					"section-3": {
						"blocks": {
							"core/separator": {
								"color": {
									"text": "color-mix(in srgb, currentColor 25%, transparent)"
								}
							}
						},
						"color": {
							"background": "var(--wp--preset--color--theme-4)",
							"text": "var(--wp--preset--color--theme-2)"
						},
						"elements": {
							"button": {
								":hover": {
									"color": {
										"background": "color-mix(in srgb, var(--wp--preset--color--theme-1) 85%, #000)",
										"text": "var(--wp--preset--color--theme-5)"
									}
								},
								"color": {
									"background": "var(--wp--preset--color--theme-1)",
									"text": "var(--wp--preset--color--theme-5)"
								}
							}
						}
					}
				}
			},
			"core/cover": {
				"variations": {
					"section-1": {
						"color": {
							"background": "var(--wp--preset--color--theme-2)",
							"text": "var(--wp--preset--color--theme-5)"
						},
						"elements": {
							"button": {
								":hover": {
									"color": {
										"background": "color-mix(in srgb, var(--wp--preset--color--theme-3) 85%, #000)",
										"text": "var(--wp--preset--color--theme-1)"
									}
								},
								"color": {
									"background": "var(--wp--preset--color--theme-3)",
									"text": "var(--wp--preset--color--theme-1)"
								}
							}
						}
					},
					"section-2": {
						"color": {
							"background": "var(--wp--preset--color--theme-3)",
							"text": "var(--wp--preset--color--theme-1)"
						},
						"elements": {
							"button": {
								":hover": {
									"color": {
										"background": "color-mix(in srgb, var(--wp--preset--color--theme-1) 85%, #000)",
										"text": "var(--wp--preset--color--theme-5)"
									}
								},
								"color": {
									"background": "var(--wp--preset--color--theme-1)",
									"text": "var(--wp--preset--color--theme-5)"
								}
							}
						}
					},
					"section-3": {
						"color": {
							"background": "var(--wp--preset--color--theme-4)",
							"text": "var(--wp--preset--color--theme-2)"
						},
						"elements": {
							"button": {
								":hover": {
									"color": {
										"background": "color-mix(in srgb, var(--wp--preset--color--theme-1) 85%, #000)",
										"text": "var(--wp--preset--color--theme-5)"
									}
								},
								"color": {
									"background": "var(--wp--preset--color--theme-1)",
									"text": "var(--wp--preset--color--theme-5)"
								}
							}
						}
					}
				}
			},
			"core/group": {
				"variations": {
					"section-1": {
						"color": {
							"background": "var(--wp--preset--color--theme-2)",
							"text": "var(--wp--preset--color--theme-5)"
						},
						"elements": {
							"button": {
								":hover": {
									"color": {
										"background": "color-mix(in srgb, var(--wp--preset--color--theme-3) 85%, #000)",
										"text": "var(--wp--preset--color--theme-1)"
									}
								},
								"color": {
									"background": "var(--wp--preset--color--theme-3)",
									"text": "var(--wp--preset--color--theme-1)"
								}
							}
						}
					},
					"section-2": {
						"color": {
							"background": "var(--wp--preset--color--theme-3)",
							"text": "var(--wp--preset--color--theme-1)"
						},
						"elements": {
							"button": {
								":hover": {
									"color": {
										"background": "color-mix(in srgb, var(--wp--preset--color--theme-1) 85%, #000)",
										"text": "var(--wp--preset--color--theme-5)"
									}
								},
								"color": {
									"background": "var(--wp--preset--color--theme-1)",
									"text": "var(--wp--preset--color--theme-5)"
								}
							}
						}
					},
					"section-3": {
						"blocks": {
							"core/separator": {
								"color": {
									"text": "color-mix(in srgb, currentColor 25%, transparent)"
								}
							}
						},
						"color": {
							"background": "var(--wp--preset--color--theme-4)",
							"text": "var(--wp--preset--color--theme-2)"
						},
						"elements": {
							"button": {
								":hover": {
									"color": {
										"background": "color-mix(in srgb, var(--wp--preset--color--theme-1) 85%, #000)",
										"text": "var(--wp--preset--color--theme-5)"
									}
								},
								"color": {
									"background": "var(--wp--preset--color--theme-1)",
									"text": "var(--wp--preset--color--theme-5)"
								}
							}
						}
					}
				}
			},
			"core/navigation": {
				"typography": {
					"fontFamily": "var(--wp--preset--font-family--poppins)",
					"fontSize": "var(--wp--preset--font-size--small)",
					"fontWeight": "400",
					"lineHeight": "1.3"
				}
			},
			"core/post-content": {
				"css": "& > div:first-child.alignfull { margin-top: calc( -1 * var(--wp--preset--spacing--20)) !important; } & > div:last-child.alignfull { margin-bottom: calc( -1 * var(--wp--preset--spacing--60)) !important; } & > p + div.alignfull { margin-top: var(--wp--style--block-gap) !important; }",
				"spacing": {
					"padding": {
						"bottom": "var(--wp--preset--spacing--60)",
						"top": "var(--wp--preset--spacing--20)"
					}
				}
			},
			"core/separator": {
				"border": {
					"top": {
						"width": "2px"
					}
				},
				"color": {
					"text": "var(--wp--preset--color--theme-3)"
				}
			},
			"core/site-tagline": {
				"typography": {
					"fontFamily": "var(--wp--preset--font-family--poppins)",
					"fontSize": "var(--wp--preset--font-size--small)",
					"fontWeight": "400"
				}
			},
			"core/site-title": {
				"elements": {
					"link": {
						"typography": {
							"textDecoration": "none"
						}
					}
				},
				"typography": {
					"fontFamily": "var(--wp--preset--font-family--manrope)",
					"fontSize": "24px",
					"fontWeight": "400",
					"lineHeight": {
						"ref": "styles.blocks.core/navigation.typography.lineHeight"
					}
				}
			},
			"jetpack/subscriptions": {
				"elements": {
					"button": {
						"border": {
							"radius": "0 1rem !important"
						},
						"spacing": {
							"padding": {
								"left": "clamp(1.75rem, 3vw, 2rem) !important",
								"right": "clamp(1.75rem, 3vw, 2rem) !important"
							}
						}
					}
				}
			}
		},
		"color": {
			"background": "var(--wp--preset--color--theme-1)",
			"text": "var(--wp--preset--color--theme-3)"
		},
		"css": ".no-underline a {\n\ttext-decoration: none;\n}",
		"elements": {
			"button": {
				":hover": {
					"color": {
						"background": "color-mix(in srgb, var(--wp--preset--color--theme-3) 85%, #000)",
						"text": "var(--wp--preset--color--theme-1)"
					}
				},
				"border": {
					"radius": "0 1rem"
				},
				"color": {
					"background": "var(--wp--preset--color--theme-3)",
					"text": "var(--wp--preset--color--theme-1)"
				},
				"spacing": {
					"padding": {
						"bottom": "clamp(0.75rem, 1vw, 1rem)",
						"left": "clamp(1.75rem, 3vw, 2rem)",
						"right": "clamp(1.75rem, 3vw, 2rem)",
						"top": "clamp(0.75rem, 1vw, 1rem)"
					}
				},
				"typography": {
					"fontFamily": "var(--wp--preset--font-family--poppins)",
					"fontSize": "var(--wp--preset--font-size--small)",
					"fontWeight": "400"
				}
			},
			"caption": {
				"spacing": {
					"padding": {
						"top": "8px"
					}
				},
				"typography": {
					"fontSize": "14px",
					"fontWeight": "400"
				}
			},
			"h1": {
				"typography": {
					"fontSize": "var(--wp--preset--font-size--xx-large)",
					"lineHeight": "1"
				}
			},
			"h2": {
				"typography": {
					"fontSize": "var(--wp--preset--font-size--x-large)",
					"fontWeight": {
						"ref": "styles.elements.h1.typography.fontWeight"
					},
					"lineHeight": "1"
				}
			},
			"h3": {
				"typography": {
					"fontSize": "var(--wp--preset--font-size--large)",
					"lineHeight": "1.2"
				}
			},
			"h4": {
				"typography": {
					"fontSize": "var(--wp--preset--font-size--medium)",
					"lineHeight": "1.3"
				}
			},
			"h5": {
				"typography": {
					"fontSize": "var(--wp--preset--font-size--medium)",
					"lineHeight": "1.4"
				}
			},
			"h6": {
				"typography": {
					"fontSize": "var(--wp--preset--font-size--small)"
				}
			},
			"heading": {
				"css": "&.has-background { padding: 0; }",
				"typography": {
					"fontFamily": "var(--wp--preset--font-family--manrope)",
					"fontWeight": "500",
					"letterSpacing": "-0.02em",
					"lineHeight": "1.2"
				}
			},
			"link": {
				"color": {
					"text": "currentColor"
				}
			}
		},
		"spacing": {
			"blockGap": "var(--wp--preset--spacing--20)",
			"padding": {
				"left": "var(--wp--preset--spacing--40)",
				"right": "var(--wp--preset--spacing--40)"
			}
		},
		"typography": {
			"fontFamily": "var(--wp--preset--font-family--poppins)",
			"fontSize": "var(--wp--preset--font-size--small)",
			"fontWeight": "400",
			"letterSpacing": "0",
			"lineHeight": "1.6"
		}
	},
	"templateParts": [
		{
			"area": "header",
			"name": "header",
			"title": "Header"
		},
		{
			"area": "header",
			"name": "header-hero",
			"title": "Hero Header"
		},
		{
			"area": "footer",
			"name": "footer",
			"title": "Footer"
		}
	],
	"version": 3
}